qlearn_fixed,qlearn_kalman,seed,cost_bps,qlearn_fixed_sharpe,qlearn_fixed_activity,qlearn_kalman_sharpe,qlearn_kalman_activity
0.0,0.0,0,4.0,,0.0,,0.0
0.0,0.0,1,4.0,,0.0,,0.0
0.0,0.0,2,4.0,,0.0,,0.0
0.0,0.0,3,4.0,,0.0,,0.0
0.0,0.0,4,4.0,,0.0,,0.0
0.0,0.0,5,4.0,,0.0,,0.0
0.0,0.0,6,4.0,,0.0,,0.0
0.0,0.0,7,4.0,,0.0,,0.0
0.0,0.0,8,4.0,,0.0,,0.0
0.0,0.0,9,4.0,,0.0,,0.0
0.0,0.0,10,4.0,,0.0,,0.0
0.0,0.0,11,4.0,,0.0,,0.0
0.0,0.0,12,4.0,,0.0,,0.0
0.0,0.0,13,4.0,,0.0,,0.0
0.0,0.0,14,4.0,,0.0,,0.0
0.0,0.0,15,4.0,,0.0,,0.0
0.0,0.0,16,4.0,,0.0,,0.0
0.0,0.0,17,4.0,,0.0,,0.0
0.0,0.0,18,4.0,,0.0,,0.0
0.0,0.0,19,4.0,,0.0,,0.0
