cost_bps,strategy,cum_pct,sharpe,cum_lo,cum_hi
0,buy&hold,8.586396046782706,8.488022461194769,,
0,OFI-sign (naive),10.778174954743069,10.508911226116421,,
0,Qlearn fixed-α,0.4562480576240685,3.346421310176625,-0.002447701847029471,0.9149438170951665
0,Qlearn kalman-α,0.5113097979894465,2.0629101687947133,-0.166140418942073,1.188760014920966
4,buy&hold,8.54296700602244,8.447496905922689,,
4,OFI-sign (naive),-97.72584496283402,-306.1606460098816,,
4,Qlearn fixed-α,0.0,,0.0,0.0
4,Qlearn kalman-α,0.0,,0.0,0.0
15,buy&hold,8.423537143931604,8.333882726740683,,
15,OFI-sign (naive),-99.9999488494589,-491.68729219094473,,
15,Qlearn fixed-α,0.0,,0.0,0.0
15,Qlearn kalman-α,0.0,,0.0,0.0
