date,open,high,low,close,volume,short_ma,long_ma,rolling_vol_20
2025-06-02,100.45,100.55,99.29,100.03,141014,,,
2025-06-03,100.2,100.99,99.1,100.42,301903,,,
2025-06-04,100.4,100.79,99.11,100.12,62537,,,
2025-06-05,99.95,100.44,98.75,99.08,284783,,,
2025-06-06,98.89,99.0,97.94,98.57,428918,99.644,,
2025-06-09,99.05,99.34,96.97,97.41,476545,99.12,,
2025-06-10,97.56,97.78,97.08,97.51,406425,98.538,,
2025-06-11,97.53,99.29,96.66,99.15,177818,98.34400000000001,,
2025-06-12,99.04,99.32,98.58,98.59,218989,98.246,,
2025-06-13,98.25,98.55,97.16,97.87,499743,98.106,,
2025-06-16,97.85,99.16,97.47,98.49,405910,98.322,,
2025-06-17,98.75,99.46,97.93,98.95,460390,98.61,,
2025-06-18,98.83,99.32,98.37,99.1,160826,98.6,,
2025-06-19,99.04,99.43,97.82,98.02,213756,98.486,,
2025-06-20,97.95,98.64,97.47,98.01,421160,98.514,,
2025-06-23,98.05,99.31,97.42,98.88,197257,98.592,,
2025-06-24,98.4,98.76,96.88,97.29,389491,98.26,,
2025-06-25,97.22,97.79,96.23,96.78,106953,97.796,,
2025-06-26,96.52,97.12,94.28,94.52,78190,97.096,,
2025-06-27,94.79,95.7,92.77,93.01,462038,96.096,98.09,1.7801123560045273
2025-06-30,92.77,93.52,90.16,90.83,186376,94.486,97.63000000000001,2.3499070530331023
2025-07-01,91.0,91.49,89.96,90.57,133614,93.142,97.1375,2.735031751956548
2025-07-02,91.03,91.52,88.64,89.08,164671,91.602,96.5855,3.1793866919332205
2025-07-03,88.99,90.07,88.57,89.44,54040,90.58599999999998,96.1035,3.4962435104280813
2025-07-04,89.26,89.89,88.55,89.66,392135,89.916,95.65799999999999,3.7255612081657463
2025-07-07,89.71,90.1,89.2,89.46,450534,89.642,95.26050000000001,3.9463633825800115
2025-07-08,89.46,90.13,86.28,86.47,57584,88.822,94.70849999999999,4.365055344196067
2025-07-09,86.17,87.16,85.51,85.86,319151,88.178,94.04400000000001,4.65526459194883
2025-07-10,85.99,86.35,85.07,85.83,214104,87.456,93.40599999999999,4.868919041386784
2025-07-11,86.43,86.82,85.98,85.99,352331,86.72200000000001,92.812,5.018041765260086
2025-07-14,85.92,86.38,83.43,84.19,365365,85.668,92.09700000000001,5.182505084162311
2025-07-15,84.13,84.93,83.44,83.64,379913,85.102,91.33149999999999,5.247286291127286
2025-07-16,83.33,83.72,82.43,82.5,70643,84.42999999999999,90.5015,5.266648065145888
2025-07-17,82.6,83.44,80.78,81.56,69197,83.576,89.6785,5.31576629619748
2025-07-18,81.19,82.97,80.81,82.86,475343,82.95,88.921,5.142659459442069
2025-07-21,82.53,82.87,81.91,81.92,91334,82.49600000000001,88.07300000000001,4.800998909218292
2025-07-22,82.31,82.65,81.62,81.91,278135,82.15,87.304,4.467098905506605
2025-07-23,81.64,83.64,80.96,83.01,274926,82.252,86.6155,3.962373657291713
2025-07-24,83.33,84.04,81.58,82.34,220520,82.40799999999999,86.0065,3.6032796099342166
2025-07-25,82.79,82.85,81.96,82.23,72617,82.282,85.4675,3.2934654201438667
2025-07-28,82.31,82.52,81.79,82.39,125291,82.376,85.04549999999999,3.1055493199990463
2025-07-29,82.56,83.06,81.89,82.5,276944,82.494,84.642,2.8649195818601005
2025-07-30,83.09,83.29,80.85,81.06,99435,82.104,84.241,2.770772075565931
2025-07-31,81.0,81.24,80.49,81.18,381352,81.872,83.828,2.5628429937328114
2025-08-01,81.0,83.55,80.61,82.84,437067,81.994,83.48700000000001,2.1695672622120217
2025-08-04,82.44,82.98,80.78,81.02,345834,81.72,83.06500000000001,1.7210935935891776
2025-08-05,81.03,82.62,80.78,82.08,423379,81.63600000000001,82.8455,1.5337208797043413
2025-08-06,82.52,82.78,81.83,82.25,327491,81.874,82.66499999999999,1.363229524636641
2025-08-07,82.54,83.25,81.1,81.51,361686,81.94000000000001,82.449,1.1628725775328361
2025-08-08,81.23,84.27,81.0,83.94,70882,82.16,82.3465,0.8934691406322129
2025-08-11,83.68,85.61,83.41,84.89,295438,82.934,82.38149999999999,0.979093431377891
2025-08-12,84.73,84.86,82.74,83.48,156494,83.21400000000001,82.3735,0.9688695257327726
2025-08-13,83.56,83.74,83.1,83.6,133412,83.48400000000001,82.42850000000001,1.0069039310255503
2025-08-14,83.53,84.78,82.87,84.32,453872,84.04599999999999,82.5665,1.0688374156304425
2025-08-15,84.38,84.57,83.36,84.12,422127,84.082,82.6295,1.1228182352779204
2025-08-18,84.21,85.57,83.63,84.97,105449,84.098,82.782,1.2239521834481026
2025-08-19,84.88,85.4,83.8,84.92,493928,84.386,82.9325,1.2941319992867513
2025-08-20,84.91,85.87,84.76,85.75,289950,84.816,83.0695,1.4396215694261083
2025-08-21,85.81,87.93,85.17,87.51,329501,85.45400000000001,83.328,1.7354981083854737
2025-08-22,87.48,87.78,86.42,86.73,72521,85.976,83.553,1.8719904970516512
2025-08-25,86.88,87.68,85.92,87.0,447691,86.38199999999999,83.7835,2.0006479871332012
2025-08-26,87.56,87.77,85.56,86.47,472641,86.69200000000001,83.982,2.0625880523466873
2025-08-27,86.65,86.93,86.47,86.66,395340,86.874,84.262,2.0248030443527485
2025-08-28,86.67,87.44,85.15,85.26,127203,86.424,84.466,1.8996077157358913
2025-08-29,84.76,85.83,84.0,84.6,286786,85.99799999999999,84.554,1.8606857818950766
2025-09-01,84.71,85.71,83.76,84.39,234509,85.476,84.7225,1.6662402524685633
2025-09-02,83.81,85.92,83.19,85.5,226434,85.282,84.89349999999999,1.552377717872333
2025-09-03,85.08,87.37,84.7,86.91,296051,85.33200000000001,85.1265,1.4828857889793998
2025-09-04,87.16,88.02,84.81,85.35,371696,85.35,85.3185,1.2142499309186805
2025-09-05,85.56,85.92,83.83,84.42,373393,85.314,85.3425,1.1900724215022516
2025-09-08,84.38,85.34,84.0,85.23,158815,85.482,85.3595,1.1856886739689003
2025-09-09,84.72,85.15,82.16,82.87,471853,84.95599999999999,85.329,1.2430391449140508
2025-09-10,82.76,83.29,82.07,82.34,246778,84.042,85.26599999999999,1.3615602505172695
2025-09-11,82.14,82.41,81.55,82.26,381363,83.424,85.163,1.5070364784462222
2025-09-12,82.45,83.89,82.36,83.79,440178,83.298,85.1465,1.5208006028679035
2025-09-15,84.47,84.68,83.78,84.65,206315,83.182,85.13050000000001,1.5244342350004056
2025-09-16,84.72,85.32,83.96,84.29,435914,83.46600000000001,85.099,1.5354817519350334
2025-09-17,84.06,84.23,83.74,83.88,83902,83.774,85.0055,1.550614394360879
2025-09-18,83.53,83.96,83.01,83.61,184329,84.04400000000001,84.8105,1.4617598441961654
2025-09-19,83.59,85.93,83.46,85.46,368332,84.37800000000001,84.747,1.4002785437187582
2025-09-22,85.41,86.0,84.86,84.98,389599,84.444,84.646,1.2983609100056477
2025-09-23,84.64,84.95,84.57,84.65,487629,84.51599999999999,84.55499999999999,1.2255288869017666
2025-09-24,84.68,85.65,84.29,85.1,239797,84.75999999999999,84.477,1.1304591521748755
2025-09-25,84.75,85.12,84.21,84.99,57657,85.03599999999999,84.46350000000001,1.1221983828741735
2025-09-26,85.32,85.61,84.07,84.78,249850,84.9,84.4725,1.1240709614232034
2025-09-29,85.1,85.19,83.11,83.47,398605,84.59799999999998,84.4265,1.1462307795549247
2025-09-30,83.8,84.54,82.77,83.49,102040,84.366,84.326,1.135218040730097
2025-10-01,83.35,83.74,82.58,82.99,129263,83.944,84.13,0.9953893710498735
2025-10-02,83.14,84.59,82.77,84.41,235964,83.828,84.083,0.9561716428159615
2025-10-03,84.37,85.52,83.8,85.23,256979,83.91799999999999,84.1235,0.9878273607953494
2025-10-06,85.11,85.56,84.39,85.23,246868,84.27000000000001,84.1235,0.9878273607953494
2025-10-07,85.13,86.67,84.83,86.06,285186,84.784,84.28299999999999,1.0313562863883492
2025-10-08,85.67,85.76,85.34,85.68,325865,85.322,84.45,0.9686887501854993
2025-10-09,85.25,87.06,84.9,86.98,326491,85.83600000000001,84.686,0.9819336455227807
2025-10-10,87.21,87.5,86.57,87.0,235004,86.19000000000001,84.8465,1.084732685964219
2025-10-13,86.94,88.89,86.81,87.73,495291,86.69,85.0005,1.259864132189704
2025-10-14,87.79,88.48,85.5,86.21,270195,86.72,85.0965,1.2759239170516563
2025-10-15,86.51,87.02,86.23,86.66,359330,86.916,85.2355,1.2877948308309755
2025-10-16,86.14,86.75,84.12,84.66,349670,86.452,85.288,1.238499091642459
2025-10-17,84.43,85.44,82.1,82.25,226574,85.502,85.1275,1.411016337702134
2025-10-20,82.3,82.63,81.41,81.91,338370,84.338,84.974,1.5842594152271956
2025-10-21,82.03,82.32,80.35,80.86,371759,83.268,84.78450000000001,1.8323050625112687
2025-10-22,80.75,81.85,80.48,81.09,266639,82.154,84.58399999999999,2.0070307998578625
2025-10-23,81.4,84.36,80.39,83.81,260029,81.98400000000001,84.525,2.011805944392718
2025-10-24,83.88,84.48,82.33,82.85,318905,82.104,84.4285,2.044945694813428
2025-10-27,82.48,82.73,81.19,82.13,235903,82.148,84.36149999999999,2.0992336320915754
2025-10-28,81.85,83.38,81.16,82.4,390905,82.45599999999999,84.30699999999999,2.13686218554195
2025-10-29,82.65,83.94,82.44,83.02,214543,82.84200000000001,84.30850000000001,2.135899354518068
2025-10-30,83.16,83.73,82.56,82.84,92370,82.648,84.22999999999999,2.1606797176130423
2025-10-31,82.27,83.23,81.74,82.63,272032,82.604,84.1,2.1755120389411893
2025-11-03,83.03,83.71,82.61,83.5,456014,82.878,84.0135,2.1625722379170647
2025-11-04,83.68,84.74,83.26,84.15,176531,83.228,83.918,2.1089498509171096
2025-11-05,84.56,84.9,82.63,82.94,189858,83.21200000000002,83.78099999999999,2.0772220822402327
2025-11-06,82.83,83.41,82.68,82.88,158945,83.22,83.576,1.9428665745014142
2025-11-07,82.79,83.55,82.46,82.95,468029,83.284,83.3735,1.7706355534544524
2025-11-10,82.61,82.91,81.45,81.71,116809,82.926,83.07249999999999,1.47869029887906
2025-11-11,82.48,82.58,81.54,82.06,249262,82.50800000000001,82.865,1.2950127006079433
2025-11-12,82.0,82.51,80.87,81.06,248101,82.132,82.58500000000001,1.0039946529523551
2025-11-13,81.53,82.43,81.35,82.25,303830,82.006,82.4645,0.878644140886861
2025-11-14,82.06,82.82,81.72,82.51,181967,81.91799999999999,82.47749999999999,0.877225740615847
2025-11-17,82.56,82.87,82.08,82.65,393360,82.10600000000001,82.5145,0.8675826974076468
2025-11-18,82.15,82.45,81.94,81.97,426623,82.088,82.57000000000001,0.7880288533316767
2025-11-19,81.86,82.15,81.73,81.86,246152,82.248,82.6085,0.728475517053523
2025-11-20,82.16,82.92,79.41,79.49,431552,81.696,82.3925,0.9578258000058846
2025-11-21,79.12,79.59,77.95,78.17,104526,80.828,82.1585,1.3368512691352308
2025-11-24,78.49,79.36,78.38,78.63,204744,80.024,81.9835,1.5524726457456397
2025-11-25,78.73,79.73,75.23,76.11,448498,78.852,81.66900000000001,2.0279569703726894
2025-11-26,75.79,77.56,75.71,77.15,328613,77.91,81.3755,2.2362197307530978
2025-11-27,77.0,77.14,74.49,75.09,127038,77.03,80.98800000000001,2.6094213918029574
2025-11-28,74.95,76.16,74.94,76.03,456030,76.602,80.658,2.8011287198666905
2025-12-01,76.01,76.05,74.55,75.04,444880,75.88399999999999,80.235,2.9822854182301644
2025-12-02,74.88,76.25,74.58,76.01,211622,75.864,79.828,2.9753099794278484
2025-12-03,75.76,76.62,75.37,76.19,134282,75.672,79.49050000000001,2.986542579463091
2025-12-04,76.1,76.3,73.81,74.38,299622,75.53,79.0655,3.0820814480850762
2025-12-05,74.07,76.41,73.14,75.91,313710,75.506,78.7135,3.016403007766324
2025-12-08,75.52,77.72,75.06,77.67,249601,76.03200000000001,78.5115,2.939466967433061
2025-12-09,77.65,78.14,77.18,77.62,370582,76.354,78.2895,2.8227095512157847
2025-12-10,77.88,78.25,77.21,77.32,342619,76.58,78.10249999999999,2.7525201371219117
2025-12-11,76.86,77.46,76.29,77.16,403484,77.136,77.848,2.5786789763668376
2025-12-12,77.16,77.54,75.69,76.02,481896,77.158,77.5235,2.3602347675375674
2025-12-15,75.82,77.6,75.17,77.37,388743,77.098,77.25949999999999,2.028638316963122
2025-12-16,77.07,77.29,76.36,76.74,112380,76.922,76.99799999999999,1.699930648739711
2025-12-17,77.0,77.11,75.79,76.71,53427,76.8,76.7405,1.2570494902949902
2025-12-18,76.56,76.95,75.6,75.79,484423,76.526,76.5555,1.0926186554850832
2025-12-19,76.24,77.19,74.76,75.07,413112,76.33599999999998,76.4005,1.0712043148759012
2025-12-22,74.84,75.83,72.9,73.57,349580,75.576,76.14750000000001,1.1136231763687212
2025-12-23,73.68,75.9,73.39,75.1,163828,75.24799999999999,76.097,1.1380458782715297
2025-12-24,75.04,75.65,74.79,74.95,408141,74.89599999999999,75.987,1.1372316340446453
2025-12-25,74.72,76.34,74.4,76.14,99097,74.96599999999998,76.0395,1.1177113599712152
2025-12-26,76.32,77.15,76.17,76.19,335804,75.19000000000001,76.04749999999999,1.118212271533766
2025-12-29,76.14,76.52,74.95,75.38,219440,75.55199999999999,76.0645,1.1045907791901333
2025-12-30,75.56,75.94,73.89,75.02,441642,75.536,76.015,1.1290727448468807
2025-12-31,75.01,75.32,73.63,74.38,356832,75.422,75.9245,1.1854400692961657
2026-01-01,74.05,74.84,73.98,74.42,196807,75.078,75.9265,1.1827277793296986
2026-01-02,74.39,74.66,73.86,74.0,405688,74.63999999999999,75.83099999999999,1.2587959995246238
2026-01-05,74.01,74.39,73.39,73.67,368621,74.29799999999999,75.631,1.2689568861649625
2026-01-06,73.95,74.03,71.34,72.04,163279,73.702,75.352,1.4137877455515528
2026-01-07,71.77,72.06,70.95,71.1,168850,73.046,75.041,1.6262514209704904
2026-01-08,71.09,74.2,70.9,73.12,223999,72.78600000000002,74.839,1.599887825014479
2026-01-09,72.6,72.98,71.68,72.34,278895,72.45400000000001,74.655,1.6671169567149076
2026-01-12,72.54,72.87,70.45,71.11,174540,71.94200000000001,74.34200000000001,1.7174448585335045
2026-01-13,70.78,72.1,70.5,71.54,356670,71.84200000000001,74.08200000000001,1.7288803800202377
2026-01-14,71.0,73.87,70.94,73.26,285967,72.274,73.90950000000001,1.6216576152352498
2026-01-15,73.24,73.31,71.48,71.55,140505,71.96,73.6975,1.6399257845845292
2026-01-16,71.88,72.22,71.14,71.33,366152,71.75800000000001,73.5105,1.687721837269931
2026-01-19,70.87,71.55,70.33,70.6,77521,71.65599999999999,73.362,1.8085487057445824
2026-01-20,70.27,70.75,67.89,68.52,468160,71.05199999999999,73.033,2.05715209375482
2026-01-21,68.29,69.86,68.08,69.43,405926,70.28599999999999,72.757,2.154417982217695
2026-01-22,69.09,70.3,68.54,69.43,90765,69.86200000000001,72.4215,2.122087539738512
2026-01-23,69.54,69.74,68.58,69.55,414025,69.506,72.08950000000002,2.0183538759144
2026-01-26,69.3,69.73,67.92,68.67,199596,69.12,71.75399999999999,2.000206305148418
2026-01-27,68.46,69.49,68.4,69.25,349549,69.266,71.46549999999999,1.918803012296354
2026-01-28,69.42,70.27,67.97,68.63,156195,69.106,71.17800000000001,1.889680006327348
2026-01-29,68.4,68.67,67.66,68.49,194644,68.918,70.8815,1.8180882816842285
2026-01-30,68.62,68.82,67.01,67.19,56645,68.446,70.541,1.8408633558019243
2026-02-02,66.9,67.14,65.65,65.76,346177,67.864,70.1455,1.9778469820003686
2026-02-03,65.4,67.99,65.03,67.39,315289,67.49199999999999,69.913,2.0163570590228064
2026-02-04,66.84,67.42,66.73,66.81,87746,67.128,69.6985,2.1094730571744127
2026-02-05,67.37,68.19,66.35,67.19,174185,66.868,69.402,2.0180151791191405
2026-02-06,67.1,67.26,66.78,67.18,348129,66.866,69.144,1.9513757629986035
2026-02-09,67.26,67.88,66.62,66.68,409178,67.05,68.9225,1.9678250751306874
2026-02-10,66.68,66.99,65.79,66.1,309289,66.792,68.6505,1.9629448205230664
2026-02-11,66.15,67.09,65.82,66.89,123971,66.808,68.332,1.6706903710103553
2026-02-12,66.91,67.47,66.11,66.56,327741,66.682,68.08250000000001,1.5316378402486113
2026-02-13,67.13,67.26,65.93,66.41,150536,66.52799999999999,67.8365,1.3690768114998766
2026-02-16,66.1,66.69,65.76,66.46,251142,66.48400000000001,67.6295,1.235737474247799
2026-02-17,66.0,68.19,65.26,67.91,265625,66.84599999999999,67.599,1.220029766676254
2026-02-18,67.6,68.8,67.36,68.75,151321,67.21799999999999,67.565,1.1749602456868615
2026-02-19,68.35,69.45,67.95,69.24,416252,67.75399999999999,67.55550000000001,1.1597571206698956
2026-02-20,69.47,69.98,68.41,68.59,376644,68.19000000000001,67.5075,1.0906727764367783
2026-02-23,68.84,69.33,66.53,66.97,99321,68.292,67.4225,1.0611506912172395
2026-02-24,66.68,69.01,66.21,68.14,258858,68.338,67.367,0.9869735772057912
2026-02-25,67.72,69.67,67.59,69.33,101493,68.454,67.402,1.0448349151885854
2026-02-26,69.22,69.28,68.98,69.19,385420,68.444,67.437,1.0937771350004422
2026-02-27,69.6,70.04,68.97,69.87,223274,68.7,67.571,1.218929210844419
2026-03-02,69.02,70.96,68.52,70.83,213881,69.47200000000001,67.82449999999999,1.343328446727264
2026-03-03,70.99,71.9,70.8,71.86,160836,70.21600000000001,68.048,1.6121825676939314
2026-03-04,71.54,73.53,70.53,73.0,89505,70.95,68.3575,1.925690238520761
2026-03-05,73.31,73.52,71.39,72.48,110435,71.608,68.622,2.111249567635115
2026-03-06,72.16,74.52,72.12,74.33,294105,72.5,68.9795,2.4347905454057885
2026-03-09,74.24,74.85,72.37,72.86,376496,72.90599999999999,69.2885,2.5183208169015283
2026-03-10,72.41,74.29,71.26,73.93,330242,73.32,69.67999999999999,2.603726075008997
2026-03-11,73.63,75.06,73.0,74.55,151692,73.63000000000001,70.06300000000002,2.731949564148331
2026-03-12,74.97,76.06,74.5,75.63,464799,74.26,70.5165,2.8692072534335358
2026-03-13,75.87,78.5,75.54,77.91,343020,74.976,71.09150000000001,3.1422641434746157
2026-03-16,77.79,80.14,77.56,79.72,449489,76.348,71.75450000000001,3.4929364437387034
2026-03-17,79.46,80.23,78.04,78.38,52125,77.238,72.27799999999999,3.6666887399651973
2026-03-18,77.81,78.34,76.15,76.38,75717,77.604,72.65950000000001,3.6772150145396822
2026-03-19,76.27,77.91,75.64,77.39,76919,77.95599999999999,73.067,3.7295394099707
2026-03-20,77.38,77.91,75.93,76.21,397328,77.61600000000001,73.44800000000001,3.6361599177383273
2026-03-23,76.18,76.26,75.91,76.22,215001,76.916,73.9105,3.3454831686286277
2026-03-24,76.19,77.61,76.15,77.26,167613,76.692,74.3665,3.1322990967622437
2026-03-25,76.92,77.24,74.93,75.32,317955,76.47999999999999,74.666,2.9033871326614307
2026-03-26,75.3,75.76,72.68,72.81,363739,75.564,74.847,2.645417288742496
2026-03-27,72.8,73.16,72.46,73.16,251511,74.95400000000001,75.0115,2.411601946293629
2026-03-30,73.54,74.43,72.53,73.24,220766,74.35799999999999,75.132,2.2462075641069914
2026-03-31,73.8,74.23,72.46,72.97,224568,73.5,75.1875,2.173648097698987
2026-04-01,72.93,73.09,72.38,73.05,194935,73.046,75.19,2.1710269216975844
2026-04-02,72.82,72.93,71.54,72.05,220948,72.894,75.1685,2.2011965047742605
2026-04-03,72.03,72.34,69.84,70.26,269727,72.314,74.965,2.4561641038949205
2026-04-06,70.08,70.46,69.72,70.09,196767,71.684,74.8265,2.6514450379882337
2026-04-07,69.87,70.05,68.65,68.96,288739,70.88199999999999,74.578,2.95537084679807
2026-04-08,68.94,69.37,66.39,67.01,341355,69.674,74.201,3.405733401192551
2026-04-09,66.7,67.86,66.63,67.65,362517,68.79400000000001,73.80199999999999,3.6854687625861753
2026-04-10,67.83,68.4,66.8,67.61,54137,68.264,73.28699999999999,3.7991108378004825
2026-04-13,67.58,68.31,67.16,68.12,337047,67.87,72.70700000000001,3.647768027019476
2026-04-14,68.2,68.59,66.79,66.97,192654,67.47200000000001,72.1365,3.605834854787176
2026-04-15,66.91,67.61,65.95,66.21,355214,67.312,71.628,3.6919793578709657
2026-04-16,65.99,67.16,64.84,65.04,482451,66.79,71.01050000000001,3.7102879374713162
2026-04-17,64.75,64.85,63.56,64.0,222834,66.06800000000001,70.4,3.8128356625314086
2026-04-20,63.93,64.53,63.75,64.27,100415,65.298,69.8025,3.789049144712977
2026-04-21,64.1,64.25,62.62,63.36,354803,64.576,69.10749999999999,3.6202062677491154
2026-04-22,63.43,64.45,63.26,63.82,198927,64.098,68.5325,3.4925633400423455
2026-04-23,63.82,64.31,63.53,64.25,205424,63.94,68.1045,3.4651733077334956
2026-04-24,63.85,66.97,63.66,66.71,327300,64.482,67.782,3.2642200648203836
2026-04-27,66.73,67.13,64.87,65.07,323389,64.642,67.3735,3.0493765972040734
2026-04-28,64.67,66.28,64.28,66.17,61766,65.204,67.03349999999999,2.75767689225952
2026-04-29,65.98,66.2,65.27,66.09,256789,65.65799999999999,66.6855,2.3704396105712524
2026-04-30,66.0,66.36,65.41,66.1,220272,66.02799999999999,66.388,2.0072961651768124
2026-05-01,65.48,65.71,64.39,64.39,303259,65.564,66.09450000000001,1.8329196582722413
2026-05-04,64.42,64.46,63.7,63.87,332252,65.324,65.78349999999999,1.6364636937766677
2026-05-05,63.92,65.07,62.98,64.79,57892,65.048,65.575,1.4673588876821024
2026-05-06,64.75,65.19,64.23,64.73,77761,64.776,65.461,1.4382844312790268
2026-05-07,64.6,65.2,64.2,64.85,274453,64.526,65.321,1.3473986633105979
2026-05-08,64.74,64.87,63.82,64.53,428016,64.554,65.167,1.244059991782677
2026-05-11,64.24,66.21,63.1,65.95,148985,64.97,65.05850000000001,1.0529021297030594
2026-05-12,65.87,66.59,65.08,65.95,102390,65.202,65.0075,0.9774395929627179
2026-05-13,65.79,66.35,62.9,63.34,223615,64.924,64.864,1.0019738414468344
2026-05-14,63.37,63.75,62.04,62.54,170011,64.462,64.739,1.1270030121832053
2026-05-15,62.18,62.31,59.62,60.21,83196,63.598,64.5495,1.5110138631836356
2026-05-18,60.28,60.87,56.12,56.34,467510,61.676,64.15299999999999,2.379226101508947
2026-05-19,56.38,56.61,55.65,55.73,345605,59.632000000000005,63.7715,3.0345454441526645
2026-05-20,55.69,57.41,55.27,57.36,406954,58.436,63.4485,3.355900185140735
2026-05-21,57.23,57.61,57.11,57.45,452084,57.41799999999999,63.10849999999999,3.6056013076142572
2026-05-22,57.61,58.45,55.69,56.07,335453,56.59000000000001,62.57650000000001,3.8245471352134635
2026-05-25,55.57,56.04,54.54,54.97,209568,56.315999999999995,62.07149999999999,4.132393565349636
2026-05-26,55.11,57.11,54.01,56.36,50267,56.44199999999999,61.581,4.2019330138196125
2026-05-27,56.43,56.83,56.29,56.58,97280,56.286,61.10549999999999,4.202915623330735
2026-05-28,56.66,57.35,56.3,56.67,191432,56.129999999999995,60.634,4.141623632802098
2026-05-29,56.78,57.0,56.28,56.63,329120,56.242,60.245999999999995,4.134714907755591
2026-06-01,56.44,57.06,55.9,56.71,346770,56.589999999999996,59.888,4.114340261751437
2026-06-02,56.63,58.85,55.92,57.7,107166,56.85799999999999,59.533500000000004,3.9727522939983055
2026-06-03,57.9,59.03,57.64,58.4,167111,57.222,59.217000000000006,3.7846658755389133
2026-06-04,58.53,58.94,58.37,58.69,451229,57.626,58.90899999999999,3.5451967505337394
2026-06-05,58.75,59.12,57.37,57.47,181752,57.794,58.556,3.298986128142875
2026-06-08,57.01,58.61,56.89,58.11,105105,58.074,58.164,2.802604803429365
2026-06-09,58.27,59.03,56.76,57.32,160453,57.998000000000005,57.7325,2.1226098012625347
2026-06-10,57.67,58.91,57.25,58.66,212841,58.05,57.4985,1.684684180927795
2026-06-11,58.96,59.09,57.07,57.16,273478,57.74399999999999,57.229499999999994,1.1959513940109423
2026-06-12,57.23,57.55,56.74,57.03,272596,57.65599999999999,57.070499999999996,0.9686261295990017
2026-06-15,56.56,57.46,56.15,57.05,97855,57.444,57.10600000000001,0.9533343148046522
2026-06-16,57.33,57.77,54.94,55.49,103042,57.077999999999996,57.09400000000001,0.9728763647284326
2026-06-17,55.45,58.38,55.23,57.59,142655,56.864,57.10549999999999,0.9775343579881032
2026-06-18,56.83,59.87,56.5,59.37,193436,57.306000000000004,57.201499999999996,1.0997811983322543
2026-06-19,59.48,60.13,58.7,58.84,484827,57.66799999999999,57.339999999999996,1.1239404367037402
2026-06-22,58.4,59.87,58.34,59.8,173875,58.218,57.58149999999999,1.1066748440806844
2026-06-23,59.41,60.94,58.53,60.28,209259,59.176,57.777499999999996,1.220253964073398
2026-06-24,60.09,61.12,56.92,57.18,370985,59.093999999999994,57.807500000000005,1.196406351491616
2026-06-25,57.56,58.19,57.21,57.51,202469,58.722,57.8495,1.1687981906732527
2026-06-26,57.4,57.94,56.93,57.46,493823,58.446000000000005,57.891000000000005,1.1375361185682833
2026-06-29,57.55,58.04,57.26,57.59,269440,58.004,57.935,1.1060336913089783
2026-06-30,58.12,59.06,56.17,56.33,213276,57.214,57.866499999999995,1.1623446132686976
2026-07-01,56.81,56.93,55.66,56.04,397177,56.986000000000004,57.7485,1.223516394829175
2026-07-02,56.01,56.37,55.46,55.86,405823,56.65599999999999,57.607000000000006,1.2716011456737932
2026-07-03,55.78,57.85,55.41,57.31,347864,56.626,57.599000000000004,1.2730109355775205
2026-07-06,56.93,58.37,56.77,57.74,113153,56.65599999999999,57.580499999999994,1.2678721295291537
2026-07-07,57.53,58.03,57.18,57.77,182396,56.944,57.602999999999994,1.2669985253158689
2026-07-08,57.89,60.12,57.75,59.63,310961,57.662,57.6515,1.326746217748705
2026-07-09,59.75,60.07,58.76,58.99,216410,58.288,57.74300000000001,1.3538914673111304
2026-07-10,59.03,59.46,58.09,58.56,244720,58.538,57.819500000000005,1.3547090384809999
2026-07-13,58.86,59.22,55.81,56.41,177611,58.272000000000006,57.7875,1.3811432144937426
2026-07-14,56.18,58.38,55.51,58.32,179682,58.382000000000005,57.928999999999995,1.2742010912910904
2026-07-15,58.3,59.9,58.05,59.51,267253,58.35799999999999,58.025,1.3188611514624662
2026-07-16,59.73,61.3,59.05,60.64,419769,58.688,58.08850000000001,1.4141587605339125
2026-07-17,60.81,61.58,60.06,61.47,214516,59.269999999999996,58.21999999999999,1.598041564572119
2026-07-20,61.79,62.12,60.89,61.63,385889,60.314,58.3115,1.7394078696030362
2026-07-21,61.75,62.52,60.93,61.92,491744,61.034000000000006,58.3935,1.8707872674344586
2026-07-22,61.83,61.91,61.29,61.65,110298,61.462,58.617,1.981894627820666
2026-07-23,61.76,62.21,61.09,61.43,466282,61.620000000000005,58.813,2.058990810540379
2026-07-24,61.13,61.61,60.49,61.53,181583,61.63199999999999,59.01649999999999,2.118498164662706
