label,maxlags,n,b_ofi,t_ofi,p_ofi,b_mom,t_mom,p_mom
full sample,5,37438,6.191838119400916e-06,1.001287694309061,0.31668774043831993,0.01880010505117778,1.5410887815489007,0.12329517982248593
in-sample,5,26207,1.7015600811855285e-06,0.22666117619420453,0.820687218307639,0.022575016385023797,1.4416380057780538,0.14940452091147627
out-of-sample,5,11231,1.9748838974509712e-05,1.7798361697636704,0.0751027763344407,0.009413149472563493,0.499224706656765,0.6176210910290634
full sample,10,37438,6.191838119400916e-06,0.9972337258906229,0.3186510741873889,0.01880010505117778,1.5291531603032054,0.12622647924290079
in-sample,10,26207,1.7015600811855285e-06,0.22534496807283058,0.8217109196762737,0.022575016385023797,1.4401048742123859,0.14983773030416228
out-of-sample,10,11231,1.9748838974509712e-05,1.7759712741189448,0.0757376519702846,0.009413149472563493,0.4868964021551934,0.6263317487095479
full sample,20,37438,6.191838119400916e-06,1.010894900988065,0.31206673477563973,0.01880010505117778,1.54419632583077,0.12254077867560438
in-sample,20,26207,1.7015600811855285e-06,0.2301688026714472,0.8179606029366077,0.022575016385023797,1.4687033070158986,0.14191328010797294
out-of-sample,20,11231,1.9748838974509712e-05,1.7648698194368664,0.0775856470366193,0.009413149472563493,0.4800638692884573,0.6311819785093837
