decile,mean,std,count,se,mean_bps,se_bps
0,6.342307768038805e-05,0.0003205167260709072,150,2.6170081096704427e-05,0.6342307768038805,0.2617008109670443
1,1.4712350149770633e-05,0.00020171914021308653,149,1.652547586422165e-05,0.14712350149770634,0.1652547586422165
2,3.106736430829738e-05,0.00028423298378102435,149,2.3285273317778588e-05,0.3106736430829738,0.23285273317778588
3,-1.424509163553393e-05,0.0002331054063899347,150,1.903297673131498e-05,-0.1424509163553393,0.1903297673131498
4,-5.22132574376134e-06,0.00024306907980263642,168,1.8753186642874927e-05,-0.052213257437613396,0.18753186642874928
5,-9.61732479910705e-06,0.0002356595575982611,130,2.0668710481790163e-05,-0.09617324799107049,0.20668710481790165
6,2.8986792428363804e-06,0.0002021748799230342,150,1.65075098206631e-05,0.028986792428363804,0.165075098206631
7,-4.2618598879491934e-05,0.00024780596994500894,149,2.030105606741333e-05,-0.42618598879491937,0.2030105606741333
8,8.690897440856609e-06,0.00021158342390567583,149,1.733358947162411e-05,0.08690897440856608,0.17333589471624108
9,-3.738605812503334e-05,0.0002695599393536586,150,2.2009476883734744e-05,-0.3738605812503334,0.22009476883734744
