horizon_min,sample,signal,r,ci_lo,ci_hi,n
1,full,norm_signal,0.0065,-0.0074,0.0204,19939
1,full,direction_only,0.0109,-0.003,0.0248,19948
1,in-sample,norm_signal,0.017,0.0004,0.0336,13955
1,in-sample,direction_only,0.0176,0.001,0.0341,13964
1,out-of-sample,norm_signal,-0.0215,-0.0468,0.0039,5984
1,out-of-sample,direction_only,-0.0067,-0.032,0.0186,5984
2,full,norm_signal,0.0099,-0.004,0.0238,19887
2,full,direction_only,0.0077,-0.0062,0.0216,19896
2,in-sample,norm_signal,0.0193,0.0027,0.0359,13919
2,in-sample,direction_only,0.0161,-0.0006,0.0327,13928
2,out-of-sample,norm_signal,-0.0145,-0.0398,0.0109,5968
2,out-of-sample,direction_only,-0.0135,-0.0389,0.0118,5968
5,full,norm_signal,0.0216,0.0076,0.0355,19731
5,full,direction_only,0.0116,-0.0023,0.0256,19740
5,in-sample,norm_signal,0.0253,0.0086,0.0419,13811
5,in-sample,direction_only,0.0143,-0.0023,0.031,13820
5,out-of-sample,norm_signal,0.0124,-0.0131,0.0379,5920
5,out-of-sample,direction_only,0.0049,-0.0205,0.0304,5920
10,full,norm_signal,0.0172,0.0032,0.0313,19471
10,full,direction_only,-0.0028,-0.0169,0.0112,19480
10,in-sample,norm_signal,0.0136,-0.0032,0.0304,13631
10,in-sample,direction_only,-0.0027,-0.0195,0.0141,13640
10,out-of-sample,norm_signal,0.0268,0.0011,0.0524,5840
10,out-of-sample,direction_only,-0.0031,-0.0287,0.0226,5840
