fixed 5% (baseline),fixed 8%,adaptive k=4,adaptive ramp-only,adaptive ease-only
156.8048714837258,85.69630571700999,160.9528749318212,152.93633349232826,163.832586930906
111.28834670519812,103.38653811259331,124.16982852230504,112.4091308561313,123.21216405455229
267.8562273167604,182.96001810442556,284.67165802497766,260.3063256647117,292.271141543355
289.5311460250669,195.95431584260092,300.794492034194,246.12752205594987,313.3553288476314
186.18304220107373,126.14254227702527,186.20279348598382,181.89455064589075,188.17412351797094
255.49886350361643,222.6869372394226,283.78217056023914,272.1638950053953,296.438837103122
195.09066837820384,81.9141155177359,222.40656854120476,176.52747916070587,247.96669353762337
186.13842586118372,159.78368166453504,209.32701149084195,185.96985958465325,207.43450228198495
262.9753728868941,215.28929092663392,285.55647317086596,251.38230615449197,303.9371912744198
232.7003342479696,184.39034644275986,228.55292361562132,217.64487731617075,232.85142625317584
214.79228853384672,149.2016588660544,212.29181570734497,210.01566893797852,212.71406314298724
148.41903213500743,133.1205482116647,151.08570447018363,151.4345300806602,155.84978594948447
235.32942666294784,195.82237838690008,285.3057520082824,242.29045637874952,275.2677672184212
176.79888724291933,157.8208296366149,185.99810619764284,175.1672748303978,191.0064041089694
173.1759008927967,139.4257898444902,207.47241571561221,175.86056308485837,205.25080465357843
165.82604180975113,155.27680359406787,166.2558531796596,149.12337418777776,166.80952666396658
78.49301206919122,72.43545730570952,103.08551211696755,76.55986147859872,105.0674558996008
175.73074714240119,131.21253703877093,176.19860301849252,172.94240046968255,174.9870325839913
207.90964176767832,184.36079671275488,220.77678635063697,204.94744655762491,224.74841395874728
177.17335669761394,139.3355326696835,180.25104468443513,178.2020298931344,178.73127868004647
237.8959887269085,193.38375474371304,241.74556421453718,235.12999186348918,245.11620866862737
175.56740215501765,131.02340254594498,192.1925661587629,175.63551103808743,191.4768585204776
182.29517145605317,127.03622882163963,200.8422475096883,179.8653003432767,202.65544183137632
240.3013778714919,197.32291003115267,249.0707340744716,238.57696879977658,250.4143046814581
177.97917355750494,147.9810453348547,200.85584330415094,178.78330358321716,199.5627722261168
199.0221679217821,169.1135552561475,229.18818782592197,205.93553664986834,222.43912521410772
145.4454357531993,130.68301542525822,152.78685914570858,142.32451829399974,155.41508743530602
156.47522744876497,136.47133667918675,182.9534267404456,155.8919324247209,185.0329116405586
239.361926105586,202.12532287044615,243.92660468296134,236.66801919904432,247.1410392953988
133.54174212884197,116.08598200872444,150.33095104660734,132.0933549698255,153.18118493146793
171.41107825625744,120.44776083787934,184.54917706077154,173.12292039340934,185.02253225489397
209.03329673328096,171.07707389954837,233.998713268173,202.55405494317878,239.54138342456412
236.2912747079413,209.3023249365029,242.19156791552305,211.93869962049928,243.7066325479382
281.21800548897664,198.64469401092805,301.6078746205861,272.00228916867115,312.82558004583547
82.47948736713653,74.01677579979537,116.08041947909922,82.51939871973491,118.64106881939745
132.48380625379747,100.40353179140308,140.02265296296747,131.16496540814592,141.87914444430868
144.4950255786054,118.84277105705883,167.70208631785826,145.1312548907741,166.0663412302081
203.42488044859283,168.13939965007032,209.27541558933177,200.200016073029,212.98504143344041
80.72639504343364,70.52735975437497,132.70541986734523,82.16310770027653,122.1470773919308
199.2974841127934,195.87650483191035,214.040268464791,203.80337425517678,208.6737280404457
191.42227242570118,158.92840550538347,195.2035786413321,188.09339010235337,198.60614289077566
61.687708535454625,67.55168124745943,70.66324325874933,58.764335107154665,71.75550306481209
265.6243824036525,217.8657967785151,256.19498842083885,258.3661706726733,258.79925770368953
209.33216880529594,154.1222594612994,234.2234501567796,209.0207584813868,234.0051240793933
151.27338604624194,121.31684007232474,170.74356437714994,148.92568061370605,173.46775279733626
151.04575755434374,139.04332740315024,163.70984113010235,154.17949950109312,162.94076545640564
88.37168515705795,67.91271566500109,111.22148979828228,89.91558758779702,108.77276233863262
105.86481404487768,129.68760104776052,161.6473122471253,142.3318543818492,136.4798042095905
197.95998386478416,185.3653887618814,213.38420466853233,197.9088988392874,215.40194383144578
146.87724358395954,136.66413399482008,147.53740925114334,147.06584090819493,148.16632345305163
168.26030311484797,143.1892968234615,182.24154710802094,166.19492566179488,185.8510916670345
132.5257577828542,89.76465845469887,138.3652653326597,131.6185973000364,140.11507712154147
187.21444912877303,148.32068049785576,195.643435460005,187.86345269738925,202.49253260890686
173.1417682229833,145.56612355386733,191.25292795525678,167.83355268987444,197.75674248274464
121.35008956502028,97.72194271510054,176.0315986252644,124.41061893816715,173.38718156145106
142.07385594482906,129.54891523275137,165.997209869179,134.83188480058683,163.96444612954846
174.64023078992773,100.31527979175041,186.13265289625602,175.44853800661605,185.28333337567412
193.5144498333455,143.23126719708117,202.75037463406417,191.31585427028855,205.54964402743857
168.4794244350097,128.90693589841723,184.2398735356028,166.2485106138875,186.86376835755883
108.52546659464284,100.86804199826081,126.65748111884655,109.21761180807577,126.62556496366831
314.8645092135898,257.8528852752843,343.2115951360005,314.66463671206213,337.0957918373128
134.67074288027717,105.15238152007825,132.93028778619586,128.17778894637007,138.64674730478848
175.6141298669294,160.01226618443258,188.26828422423097,168.60970691301324,191.22964841845308
186.09203913797475,166.88984696836104,202.05371436885108,186.7489636511401,206.83020204692107
206.35994443377686,149.31086179658266,250.9619171239666,204.20517226497267,261.68507170426176
222.97100212351094,183.63153753549977,228.98249423538627,216.79965742868737,235.00178546403131
171.99512139374394,157.52618420883834,219.07754225786107,169.13180857853166,218.72991520862564
167.04391678454573,153.56713086829785,175.16392139587458,165.73219356235626,176.8402550463148
157.2107121886733,113.8620080145562,168.5761258211389,158.34695163179074,166.4953897690656
139.77685721378393,117.88939084865804,144.37817555658307,135.29624123489415,147.2184964009169
218.62889664492621,183.72840985839431,237.60561341835785,208.50753435162153,247.80950133573745
92.54708304904204,76.85778942646023,128.8038361987283,93.67706590317098,127.94801755704643
152.04878719089538,118.99703507359148,173.25009165329047,151.14862233638834,175.8521972218088
216.79634447555233,222.8602683134066,235.76469914528047,224.01826647661636,229.23922691059624
195.99616944570153,128.6143252675165,206.25120641206863,191.64953025443202,212.20876063223128
160.68867020207927,128.68312672636637,165.03169613772278,156.46886413801357,166.87123188799845
192.47446934737204,194.33261485846853,206.73792324904292,194.67609372880963,207.21089068419067
212.42487290795975,212.6124430281249,224.64677938736324,221.8136021598822,217.03239006131219
156.01310258609553,137.08682851394255,171.75550420799334,154.99072929732606,174.2030321943779
113.19651409636755,87.29255162770204,155.75296301268767,112.08799818120895,158.0687915377865
270.8273571931058,247.80888415292083,276.7702902862723,268.2922547080838,280.28589841736766
243.0863493639905,184.3153257753769,258.67029681097455,235.87200771906288,268.77736163066334
149.40715845230295,134.20335155081614,169.37465465693586,147.47699458566407,169.67818971070386
161.29972269310875,134.3257609621224,184.6609991772996,152.68805255171924,176.03449646033255
129.20814485273155,130.0037814396684,147.83077588926935,127.2484924006528,154.08489842691435
126.50474435820041,123.65286847175409,142.83258011399488,125.75387307899281,144.55837055028368
258.4154425663178,186.77738623075973,258.50251027857416,248.69077350449305,267.85863521803685
164.2251388202783,153.40129956083598,184.7609909792931,163.66798275090807,184.89872243426618
236.49780544622968,223.74835947615762,273.5892935055735,233.0035927924895,276.7019982756666
207.15909132194466,136.94902335458556,209.1124189704457,203.47765920821428,212.64337945368192
214.77866032584592,173.51077570340792,231.7244395911749,210.64192359257353,237.2868912518864
161.15816037558906,170.73598682769924,169.21384701389962,161.21214832455144,169.49575398214736
195.16893517741377,167.7160584268912,201.68808991231964,189.90488464833254,204.78416672807552
190.03189531512484,156.8197861593718,206.67944469452704,195.93885576133607,208.87582061065646
175.01345356112998,135.6983258182405,184.31661258396247,173.8291754414317,184.40621161526124
136.416289289133,127.21715732656115,142.87705833733614,132.37332964385396,147.20306099688224
167.09138260413536,121.41910040479131,203.1957795911293,165.84491988862217,200.92382054594182
153.25881742148334,110.49593423427099,172.96997658965512,151.46001895368323,175.6425253942832
234.98225246515753,194.074377560173,240.18338970421192,229.63088025155628,245.5309426329922
127.4984716525168,62.59544348018124,141.12185790763644,125.60520635550989,141.99935800254786
172.50008094291965,163.97427639491718,179.24540989916946,174.0485548840803,178.0951697181319
123.82721618231292,123.5881054441801,143.8506495849372,122.69973280665192,145.57546678125837
126.4437714152704,85.31221818383065,145.31304140925775,125.66429295495593,145.79121906291337
156.57445454955163,121.0955925284839,177.33966947144626,161.156031630436,172.3948010834283
157.56784162962092,130.357912156446,161.95158864229367,154.92808480402192,164.80960861375883
144.54055780155855,127.41641974287843,160.87613788948687,145.38059680846095,162.65219306413093
181.32248431923298,180.2545811855671,194.63336931642803,181.93891734318106,193.5062529795555
183.19462222875268,206.64248326687053,205.14789273329956,181.86901171203428,210.33593273317265
181.12290946865662,135.03411906178775,234.07776922978192,188.4847031544075,244.8373453629388
206.71068760759314,210.43994404196278,236.73054816526965,219.6330186357803,234.10094503973934
192.66316585274117,135.03956153745239,203.1226600189284,191.3029774635977,205.72633307516395
205.54674769829506,149.8568999533025,211.84621633985026,195.76971610856666,204.86807385085444
168.66607347627078,146.6348463443479,172.45621470958085,166.79954971424812,174.32622864656918
340.6837991784894,252.92827113822477,368.17720227175596,325.95450979347913,377.1041678107869
160.7651641663537,129.98060892191987,187.8111179035843,140.02013140997252,185.94040186736262
135.1084770802331,100.57339589276211,137.74785341471446,130.74092465401708,143.35557950040337
182.447724791764,162.4469086678647,194.78539191787033,181.40418731262557,196.70840936936756
209.93377905190783,173.66446575172196,235.63068452562894,208.95265814490563,238.1959083602104
280.7883228063342,212.32981676426905,315.67713833800053,273.38227889072823,331.5881695220874
146.72408627553094,98.92112234829061,158.8151732491944,142.73619278797364,162.02995243860346
206.9200821934119,174.92591239715645,217.29812823914736,207.58592234543818,218.2735260837574
162.82653001567004,122.13702352189186,184.7361198035912,160.97224973759188,185.40060002699622
219.4895936031435,142.71838955186325,242.46343835487374,215.72248975600704,246.67186667321064
374.5307783095429,319.48133234326167,368.2671600463781,360.3040123582299,383.4618016388768
110.66217523956415,72.55811094928724,132.42969073341655,108.8074807911025,133.91155297929504
151.55485287730033,130.22060579831896,161.0882933165973,151.40736980989954,162.2988223570183
253.3470760395182,184.54948355235163,267.0378980530629,246.23600875413547,275.2230662364123
140.71951243981223,142.47710788816588,171.80158716114923,140.61536645842872,173.0437182825385
148.65987392340986,101.49556705049446,157.32682393017274,143.61341167911468,158.80648871718176
189.85875579584453,173.29758421726112,273.6754003908717,216.83222564283636,253.112251620814
186.04432050494353,186.46499081420814,196.74671106881627,185.42289385045154,198.8903664093172
123.02966197126773,116.49295739948909,163.70068502067963,128.17095771243146,161.06677336929107
175.16148223709962,149.7187575922805,187.19589692555493,171.81767927265358,190.00281346210207
174.60431918236628,95.48516577218358,196.23204419629212,165.09942290604326,193.72157547599164
198.26775305948323,133.70630667431993,229.9206943958743,196.55995014467538,233.0316676287617
225.58098165736638,182.67599161548878,253.22008781385404,232.23138351396898,255.247107178648
121.54840410159764,112.31668017187141,159.90565526599866,122.70737789959742,160.40596981274643
250.78575934697676,200.3266899154267,262.30924887384185,249.76926176781026,263.3039116203303
150.29746801699636,139.9989690793784,176.18554600620777,154.05135162602141,172.7370214008426
146.50316480585838,142.63846624070473,156.72832580808188,127.6126016745048,158.28995143780284
166.08146770460743,151.9551738215883,180.7330799513124,165.3593708828792,182.22134985374154
236.32344749955465,192.720961123922,255.16531900425352,232.27141871834462,258.4222406946313
162.5967242274065,140.97758305512798,167.6195962535587,159.8518696980724,170.53285364811438
236.25446719364973,210.72461821750034,238.2664585753863,236.22753822254313,247.30348407262107
165.1863962323188,135.3033566685476,184.89609339556185,164.42639162757516,186.69448023170239
145.3219553221516,92.09052434143555,154.0002732286129,143.39159401315655,157.52923407735992
131.95401578651334,117.56359319556313,150.30480699772133,132.05766482697447,150.10258042452705
92.98317739254618,100.47131620088257,154.2158976731198,95.4738819118899,149.48340864422227
171.22569037038807,108.01363825856347,188.86568854710808,169.131408037955,190.5936199183496
171.72986906046202,122.72328409657291,182.55424573972306,168.38970944419208,185.50418127991944
212.92084482073722,193.72441031145792,217.9145625533473,210.4398384988557,222.72089385438758
128.91313926071987,98.54545677310675,146.07371732135087,126.72519214163425,147.32265308533454
229.72024712930116,176.01269089030717,235.49471200188137,226.4706205233865,236.80356354343627
263.607205429739,175.4038053811444,270.2731123544425,263.4021263568238,270.0909679272089
120.58738434124093,116.60343802324275,137.31403471923204,119.16902040759793,131.28883261986485
111.55897192021773,114.88511666599419,143.37742098662778,115.9610364304251,141.30875375658036
146.38202520849492,116.9941437803392,158.98118584125896,140.65698722171513,164.910610016182
126.82183851124032,88.05603903877407,140.7949054609401,127.44446652247248,140.6151247860497
102.39357420696312,122.48270090126583,159.65825307659068,127.47482282929894,155.02885836460416
160.63055720937817,129.61328152532585,205.3533823157112,164.76248878827184,206.89947924651935
151.47347477512494,161.68258410199465,172.51024453946815,154.70504338714184,169.69504161654214
96.85414816191819,73.02593988914998,128.62515794252548,101.36445249268316,126.52771302225214
145.78193293579062,133.80733048086876,174.72435188510775,150.9079842939016,173.84275128592174
203.06885104005158,178.7704196270797,219.08622940395423,189.74751379577862,215.66032928675187
186.27181347802846,174.40676784304273,214.82756548476306,183.623584963017,219.30088096475336
212.07496989136,139.81779911791187,255.01029099652402,207.63189610804054,261.36573070806435
157.9686147035271,122.73787243003652,181.8331369521027,166.2715009134415,180.1881367723913
162.22522432946803,158.66613718723622,182.1459952039235,164.95271153244832,180.48057410090638
171.6752290783303,160.19727332430324,210.91940048459713,193.89523814445596,190.1564276124768
254.32057742196167,205.67653925955966,270.8612600438134,244.23415674593556,275.6174781612975
323.2903481024515,232.4693004437831,370.85533486221345,324.15450766906434,375.6136821065269
149.02303244697515,127.94141910497679,151.72810153859274,149.57904598016836,151.48991126198322
152.75693270047623,126.81630553056999,192.24913200718925,152.84699969119666,191.9268536387926
140.18826851383005,125.4044887755219,158.1297607681566,141.23951180721008,157.26409384524396
131.47064815599558,132.9208821595888,139.96916535953693,131.04199178283875,141.12501351430714
119.05486594004198,108.4583524408869,143.84445714101216,133.44694970751854,134.6710434744662
118.75406699948071,107.94191237555663,148.3390251626332,120.07659979092885,147.3337234422134
215.9264769840247,195.36635331720854,246.37610499785387,226.3225317683007,238.14029256179623
211.4018349863645,184.5974261021438,238.89927899834964,213.06577495164768,238.56938400543052
160.90115553492595,104.08709962160445,160.293546269407,158.55970947030755,161.57599468449743
161.5093063435927,91.86451679115407,183.26439638434286,154.6865914969778,179.99256182387623
163.9392928205807,148.61975456437196,159.64939702721622,163.99085685272487,161.90686840445247
163.92332311034403,140.81989532684787,179.0605214244637,164.44047459145253,176.9200349973114
172.3516710774699,162.0277982905843,179.68310850152707,171.24967635839238,181.1269935208975
138.9167457531227,106.68997028407497,154.71006155303348,138.84821036151658,156.30373085210988
152.73100246626348,126.96401180155102,156.37640140308164,143.96923626953043,165.9333386019207
192.28549511385404,178.2321826171282,199.34353496187146,186.79104215811387,193.62717140836088
192.47933615624598,167.0149365892846,217.4993921237273,194.05777968865792,217.79922983292394
186.03997751300554,138.62514189826476,217.22250675052194,182.66752717882798,222.41456839529337
161.58595834691332,145.32901749149363,163.72700408341768,160.61850170849775,163.87699948488148
130.80451692917143,121.27581794716154,154.12529899444897,130.06440856020345,166.88539862959215
105.5636834048295,86.20828360887894,116.01887694157104,104.07573466122855,117.0854863113601
102.43786225638266,85.03556188369093,132.22064012800902,102.73721928188678,134.27142070466937
162.61446707560356,159.3711665493487,182.29673901186118,166.11095450986858,179.96924287257374
114.90037921587168,87.00203784931527,120.86637418219904,113.1226912999948,122.55961875598416
212.99987682894252,231.34005493692987,254.28578363270455,245.5301397650389,217.80488304323276
230.4322784287822,149.13487354079956,250.96480251810365,224.18923866137308,250.32781534443876
180.82087246750814,146.451792587456,217.38410221107281,180.80050440957993,208.61871763014815
202.47450874326913,143.73510408645265,219.6394767610706,198.4379459065495,223.052423815381
195.96377646792996,144.13299048881262,206.40100021665788,193.93243496538915,207.14904334849794
167.97092434149505,137.13099021629296,184.7619244787974,173.82304330291316,180.31133632181093
141.32029136706643,100.71425159609973,149.86865545485068,141.57821154940376,151.10637021049598
153.28458249146058,93.43028048401567,171.64836844492,149.83175469566606,171.88377430044534
294.8283238289171,182.97786270534425,308.85806648500096,291.5497069854627,317.4828578895825
150.45056231651705,125.69371627360447,161.06270271376806,151.6454393348801,160.23355744837454
187.2707997460867,181.47124588302572,205.2182465863033,189.4168153552843,201.50235345257107
180.2252669718331,147.94521531725812,179.5555590023042,175.46881035691243,183.3176126732745
212.76684947897772,162.7667573560615,213.67685733241993,209.19489730779614,217.29225499819063
232.11777124453914,184.98874895185983,243.25658819240817,225.11283133347007,244.82935610340147
189.51701844356512,144.94233173655363,206.32973129786347,188.50616387630893,205.1129744804872
101.68064360142877,90.86963908599411,117.02685308525619,103.54253459976405,116.48055765711344
267.8681764013883,241.59615224796,307.5173035551831,271.70527880172943,307.4439115480686
185.51275873322848,139.19797955740947,191.23280370673194,182.34445507426267,191.0115900175866
175.21544381813183,126.61587159270458,191.59060789421534,172.8581447721689,190.61741438780422
248.67148942258905,224.9248083425064,294.5127683160199,247.23579010948362,299.81228880064776
194.41066375175873,151.11287906439998,197.22529893891064,189.6297363696553,201.48534060278016
234.62108632687318,105.09350982049743,260.57208089979133,229.06194111016254,264.3670130954422
143.9470576199065,141.31484649055295,167.30640633137565,158.71139835520745,167.3434262975896
198.16911853562553,123.20022397216884,210.6723429857315,192.97580470991903,217.0476576925965
113.06936852071597,95.95516841453497,144.5587058118238,113.34636473923875,123.06739857179159
193.79438426800584,171.25053929976409,183.46135156306815,199.18452932751958,198.8405246212664
165.24988544734327,142.7827450309439,210.6881672562352,170.66770380821578,203.66556664318685
178.63349492023693,166.2005168815319,175.96656582743248,171.85214678718012,178.8412614357274
159.3717266255772,157.73862175110756,172.41743569122184,164.977795479903,171.1481379192366
255.7071351376105,218.58410140875645,260.7580744232057,252.60407416735893,262.36018090441246
135.76665823606612,98.5652411201656,150.98446752702154,142.80024552135774,146.76386026023977
169.34313961757823,112.14993738139185,177.86463355852902,169.48797301430739,181.7291817193348
190.74125225025895,176.12347701657475,205.5642335781218,195.18654676251447,201.20329545345479
224.6017279867057,183.24322945718836,227.59938483629855,218.61881266573624,233.32437106247394
166.73500713922056,137.3527362832101,183.27069525200022,167.28507108269463,184.5403549579279
192.9934050374185,183.3118086658579,201.7758450564442,188.40667949482645,204.36949571624564
182.32995654495284,156.04598538833363,186.3919436479247,178.88104727971876,189.7017278156863
243.17007504731708,238.27086922081054,284.3318779609973,248.04576787433325,263.64171966750445
223.35021013548982,186.96264795357433,222.90964917763466,219.81579544262488,226.43397057829512
173.5244037015731,106.6553937311565,190.4369530622443,168.88699143277856,195.61553995416884
234.53677985899188,192.60469502025092,242.9130907493586,234.8923681737901,243.80681902424865
243.21677578346748,189.86421788523728,246.9981903327629,238.28694064390643,250.7341701817835
215.17314544819976,151.63570969999307,223.62746518230225,213.47495635998,223.82011954178338
241.70434168162174,209.07138748234019,241.37459683346515,238.20042493464325,244.4482957722785
158.26018116222585,158.80561434396455,166.8120808632508,164.2151495477958,167.64495586003264
256.33479175693276,240.72157850296858,280.9115734842257,264.3148286210753,281.62192523467724
158.73169107679934,152.24030254169355,174.5643738751077,160.60753420344443,174.48434322759522
180.67042271097876,165.11330162849976,203.23457679990085,183.42199178601692,194.94147628046187
149.40337418179612,115.5833149481307,158.20250089361306,150.73820448130792,156.99579440432228
164.77587618789818,124.92272212274513,173.79038191983105,159.804325273908,176.64203268180214
199.6419763727568,175.04248363405736,222.19509357114532,196.61537268165245,223.62196958858942
188.82002916701754,140.0230293911229,201.47423195508972,193.58922297133643,198.65003055282827
288.2135784340629,263.66677295620786,288.301020121066,286.1080437738091,290.27087225263756
161.4414984389836,147.81005256425226,185.79834233424052,162.32594798956518,185.57947813225692
243.3478494270175,236.00945719024915,263.92839803150434,252.73239002186563,258.7382174152939
229.1480198703662,225.70324457803412,237.4607322227525,230.1223630017862,238.4147699818097
148.4088098171954,103.85055349917029,189.79010011059145,149.40194867263767,190.31917123847523
199.65336220374405,143.22318006930539,208.8690249748004,194.36725660460542,214.01279829338145
154.63764648694206,128.7555131701937,200.17505509097697,154.16771465942014,202.46222259452682
221.0130065203346,137.22418520571887,226.6975980388374,216.75867606552,236.14046428101463
132.17461357718932,85.6200948510202,153.07815651895436,124.26527276561661,152.20381250261124
130.24745803764253,116.73095293198551,157.6466064256201,133.3994980959646,153.31858224389134
170.6187599886259,128.6980977163304,185.5818175722801,170.91160248642856,181.93861432603305
178.81864843201578,135.23894451965032,188.7124132913811,178.66974749731182,191.6593419687355
191.53763569764607,145.46297689098944,210.63334405086263,199.128851815431,208.76683197185136
159.16564605601712,120.78925265027503,176.2587603677351,159.5425867554127,172.32810677272516
152.80914128707593,120.46365069504336,204.87853104106182,151.61147897145025,204.15347704416706
179.23445078868082,146.62767366573075,183.24043697388578,174.81705498057903,188.38315337322294
163.96594366846966,120.61433427914609,164.73253773350677,163.1391142512889,166.940816255573
242.93366088288627,151.99512790568298,248.78048383507317,235.45404555697777,256.57398070298115
177.6900820067498,146.7483631030342,185.10041681948164,170.72045119773844,185.5029921189791
109.28937429791718,95.50064916584058,151.02618956332958,110.81420197249668,151.39762043001465
159.85291895433105,146.5985145208402,190.42137026410975,163.6236668176657,188.8548981219455
168.9920593350577,158.25803696566234,185.2506766606205,173.88831473015765,181.90115870205705
177.481325997571,119.975509771242,211.1340800126508,173.62760896557202,217.73137706792647
193.827806769527,143.67287612868432,202.10771267565778,186.74881440766225,205.05642344339603
172.05638009633162,124.04068690125953,198.0252801687064,171.5232583989858,199.16795623204683
236.24268747601906,233.96506047047416,248.99037500212182,247.45477243536502,242.57382345011192
247.94183146457607,194.76204536442702,257.82001724787364,249.44576181510217,252.65095306963818
135.57667269305077,111.64555208309062,156.95702840930005,131.34989167013836,162.21983044925466
120.52119239031218,100.61263990069516,130.18067181907784,118.91924374229986,132.37022533303755
261.1354481700259,199.70758372767096,273.25212916804276,258.42124065420825,279.0032859065739
210.34075679387777,164.76401170504556,226.48113492140584,210.6534094289525,231.5602606170518
239.42591023736242,185.5228052825477,239.15085695692318,239.8379430693708,234.75722539115404
226.01350398079964,192.36228596934947,235.21662567923093,227.00026462631934,237.2846237655039
198.72438453637872,168.6047448614824,198.97925209550766,193.27725647937763,205.33036769270137
192.20516471522956,142.74709648191444,221.2442966454166,194.751042375161,224.3551941319877
226.89037550324824,161.62067211086776,228.43369413772288,225.01336938881812,227.3219845945061
161.59203238833393,121.42837263518561,172.85294942727052,162.2453875939647,172.76474554696526
245.41081934708762,216.32796569656182,246.41915829757332,237.61422199925553,254.98778910511194
161.37069818054212,165.21207403582827,186.5841744340387,160.8442207960556,206.93750986147316
221.35068865849854,223.23211476364503,228.15394560121416,227.57433625280808,239.13249605048907
170.80753294693838,155.26284279735603,174.21678644178314,169.23868434684553,176.3304868897627
155.55678248138946,119.64442938695625,173.2786583398362,155.1864113800049,172.94294635505045
145.8604698526703,113.25667276898417,172.0746198455216,145.48043595650927,171.7525359757859
97.00835055807244,98.18282616485347,108.30637357267365,98.64157812204674,107.58881619462306
161.39333668819881,133.63527889724688,178.5997063095592,160.95427860728688,179.22225688079538
181.9028898434923,124.72235015824018,181.22882376126665,182.39129251457564,191.20835630502677
173.60715325941453,165.90815818844123,171.56671226524887,167.99634381697254,175.05541542506222
143.3043906933026,134.3612572476183,186.08124546598654,163.07993758207968,178.97723207405716
296.2261226397565,208.50814941189614,297.64586258824653,286.7355780505597,307.2333941221403
254.4361743008618,208.65099833498633,264.05227713609,250.75946210229992,268.7647976259483
192.45985038003124,142.27857346950742,183.11452598472926,170.48400047495957,196.4828412911674
189.83809418529472,153.56469310546547,201.96886396481312,190.38999574217036,201.79579247267162
97.50384486206791,78.0808746686109,119.31694260279444,89.9919679772441,115.34343024141128
